INSERT INTO city (NAME, COORDINATES_X, COORDINATES_Y, CITY_INDEX) VALUES ('Velikie_Luki', 56.3366139, 30.4874526, 'VLK');
INSERT INTO city (NAME, COORDINATES_X, COORDINATES_Y, CITY_INDEX) VALUES ('Moscow', 55.5815245,36.8251337, 'MSK');
INSERT INTO city (NAME, COORDINATES_X, COORDINATES_Y, CITY_INDEX) VALUES ('Peterburg', 59.9396975, 29.5303109, 'SPB');
INSERT INTO city (NAME, COORDINATES_X, COORDINATES_Y, CITY_INDEX) VALUES ('Irkutsk', 52.2984626, 104.1270761, 'IRK');
INSERT INTO city (NAME, COORDINATES_X, COORDINATES_Y, CITY_INDEX) VALUES ('Rostov', 47.2611562, 39.4879173, 'RST');
INSERT INTO city (NAME, COORDINATES_X, COORDINATES_Y, CITY_INDEX) VALUES ('Novosibirsk', 54.9700492, 82.6692303, 'NVS');
INSERT INTO city (NAME, COORDINATES_X, COORDINATES_Y, CITY_INDEX) VALUES ('Pskov', 57.8005982, 28.2782952, 'PSK');
INSERT INTO city (NAME, COORDINATES_X, COORDINATES_Y, CITY_INDEX) VALUES ('Samara', 53.2610313, 50.0579952, 'SMR');
INSERT INTO city (NAME, COORDINATES_X, COORDINATES_Y, CITY_INDEX) VALUES ('Novgorod', 58.5562984, 31.1723534, 'NGR');
INSERT INTO city (NAME, COORDINATES_X, COORDINATES_Y, CITY_INDEX) VALUES ('Chelabinsk', 55.1521249, 61.2684889, 'CLB');
INSERT INTO city (NAME, COORDINATES_X, COORDINATES_Y, CITY_INDEX) VALUES ('Ekaterinburg', 56.8140005, 60.5148521, 'EKB');
INSERT INTO city (NAME, COORDINATES_X, COORDINATES_Y, CITY_INDEX) VALUES ('Sochi', 43.6018244, 39.6550893, 'SCI');
INSERT INTO city (NAME, COORDINATES_X, COORDINATES_Y, CITY_INDEX) VALUES ('Suzdal', 56.4255675, 40.4098853, 'SZD');
INSERT INTO city (NAME, COORDINATES_X, COORDINATES_Y, CITY_INDEX) VALUES ('Ryazan', 54.6680587, 39.5537988, 'RZN');

INSERT INTO user (USERNAME, PASSWORD, ROLE, EMAIL) VALUES
  ('MGR-123', '$2a$12$ct0FXevB.HXS4WVOjK1N3eBXYtuppH8q.54WmMa/3UKSg2.mT4TGi', 'ROLE_MANAGER', 'gaffstranger@gmail.com');
INSERT INTO user (USERNAME, PASSWORD, ROLE, EMAIL) VALUES
  ('MGR-456', '$2a$12$7RAUV1MKWGoU6OXwMrZnSOTZw/MNpuSrvOrvWkDcHrqDpbPoVMlyK', 'ROLE_MANAGER', 'gaffstranger@gmail.com');
INSERT INTO user (USERNAME, PASSWORD, ROLE, EMAIL) VALUES
  ('WHM-123', '$2a$12$ct0FXevB.HXS4WVOjK1N3eBXYtuppH8q.54WmMa/3UKSg2.mT4TGi', 'ROLE_WAREHOUSEMAN',
   'gaffstranger@gmail.com');
INSERT INTO user (USERNAME, PASSWORD, ROLE, EMAIL) VALUES
  ('WHM-456', '$2a$12$7RAUV1MKWGoU6OXwMrZnSOTZw/MNpuSrvOrvWkDcHrqDpbPoVMlyK', 'ROLE_WAREHOUSEMAN',
   'gaffstranger@gmail.com');
INSERT INTO user (USERNAME, PASSWORD, ROLE, EMAIL) VALUES
  ('RSM-123', '$2a$12$ct0FXevB.HXS4WVOjK1N3eBXYtuppH8q.54WmMa/3UKSg2.mT4TGi', 'ROLE_RESOURCE',
   'gaffstranger@gmail.com');
INSERT INTO user (USERNAME, PASSWORD, ROLE, EMAIL) VALUES
  ('RSM-456', '$2a$12$7RAUV1MKWGoU6OXwMrZnSOTZw/MNpuSrvOrvWkDcHrqDpbPoVMlyK', 'ROLE_RESOURCE',
   'gaffstranger@gmail.com');
INSERT INTO user (USERNAME, PASSWORD, ROLE, EMAIL) VALUES('DRV-10457', '$2a$12$ct0FXevB.HXS4WVOjK1N3eBXYtuppH8q.54WmMa/3UKSg2.mT4TGi', 'ROLE_DRIVER', 'gaffstranger@gmail.com');
INSERT INTO user (USERNAME, PASSWORD, ROLE, EMAIL) VALUES('DRV-12057', '$2a$12$ct0FXevB.HXS4WVOjK1N3eBXYtuppH8q.54WmMa/3UKSg2.mT4TGi', 'ROLE_DRIVER', 'gaffstranger@gmail.com');
INSERT INTO user (USERNAME, PASSWORD, ROLE, EMAIL) VALUES('DRV-78965', '$2a$12$ct0FXevB.HXS4WVOjK1N3eBXYtuppH8q.54WmMa/3UKSg2.mT4TGi', 'ROLE_DRIVER', 'gaffstranger@gmail.com');
INSERT INTO user (USERNAME, PASSWORD, ROLE, EMAIL) VALUES('DRV-57806', '$2a$12$ct0FXevB.HXS4WVOjK1N3eBXYtuppH8q.54WmMa/3UKSg2.mT4TGi', 'ROLE_DRIVER', 'gaffstranger@gmail.com');
INSERT INTO user (USERNAME, PASSWORD, ROLE, EMAIL) VALUES('DRV-54321', '$2a$12$ct0FXevB.HXS4WVOjK1N3eBXYtuppH8q.54WmMa/3UKSg2.mT4TGi', 'ROLE_DRIVER', 'gaffstranger@gmail.com');
INSERT INTO user (USERNAME, PASSWORD, ROLE, EMAIL) VALUES('DRV-78051', '$2a$12$ct0FXevB.HXS4WVOjK1N3eBXYtuppH8q.54WmMa/3UKSg2.mT4TGi', 'ROLE_DRIVER', 'gaffstranger@gmail.com');
INSERT INTO user (USERNAME, PASSWORD, ROLE, EMAIL) VALUES('DRV-35068', '$2a$12$ct0FXevB.HXS4WVOjK1N3eBXYtuppH8q.54WmMa/3UKSg2.mT4TGi', 'ROLE_DRIVER', 'gaffstranger@gmail.com');
INSERT INTO user (USERNAME, PASSWORD, ROLE, EMAIL) VALUES('DRV-78508', '$2a$12$ct0FXevB.HXS4WVOjK1N3eBXYtuppH8q.54WmMa/3UKSg2.mT4TGi', 'ROLE_DRIVER', 'gaffstranger@gmail.com');
INSERT INTO user (USERNAME, PASSWORD, ROLE, EMAIL) VALUES('DRV-78507', '$2a$12$ct0FXevB.HXS4WVOjK1N3eBXYtuppH8q.54WmMa/3UKSg2.mT4TGi', 'ROLE_DRIVER', 'gaffstranger@gmail.com');
INSERT INTO user (USERNAME, PASSWORD, ROLE, EMAIL) VALUES('DRV-35689', '$2a$12$ct0FXevB.HXS4WVOjK1N3eBXYtuppH8q.54WmMa/3UKSg2.mT4TGi', 'ROLE_DRIVER', 'gaffstranger@gmail.com');
INSERT INTO user (USERNAME, PASSWORD, ROLE, EMAIL) VALUES('DRV-35789', '$2a$12$ct0FXevB.HXS4WVOjK1N3eBXYtuppH8q.54WmMa/3UKSg2.mT4TGi', 'ROLE_DRIVER', 'gaffstranger@gmail.com');
INSERT INTO user (USERNAME, PASSWORD, ROLE, EMAIL) VALUES('DRV-14258', '$2a$12$ct0FXevB.HXS4WVOjK1N3eBXYtuppH8q.54WmMa/3UKSg2.mT4TGi', 'ROLE_DRIVER', 'gaffstranger@gmail.com');
INSERT INTO user (USERNAME, PASSWORD, ROLE, EMAIL) VALUES('DRV-75869', '$2a$12$ct0FXevB.HXS4WVOjK1N3eBXYtuppH8q.54WmMa/3UKSg2.mT4TGi', 'ROLE_DRIVER', 'gaffstranger@gmail.com');
INSERT INTO user (USERNAME, PASSWORD, ROLE, EMAIL) VALUES('DRV-12345', '$2a$12$ct0FXevB.HXS4WVOjK1N3eBXYtuppH8q.54WmMa/3UKSg2.mT4TGi', 'ROLE_DRIVER', 'gaffstranger@gmail.com');


INSERT INTO customer (PASSPORT, NAME, SURNAME, PHONE, EMAIL)
VALUES ('passport-01', 'Misha', 'Mavashi', '89312142478', 'gaffstranger@gmail.com');
INSERT INTO customer (PASSPORT, NAME, SURNAME, PHONE, EMAIL)
VALUES ('passport-02', 'Lesha', 'Lohov', '89312142478', 'gaffstranger@gmail.com');
INSERT INTO customer (PASSPORT, NAME, SURNAME, PHONE, EMAIL)
VALUES ('passport-03', 'Victor', 'Voronkov', '89312142478', 'gaffstranger@gmail.com');
INSERT INTO customer (PASSPORT, NAME, SURNAME, PHONE, EMAIL)
VALUES ('passport-04', 'Petr', 'Perviy', '89312142478', 'gaffstranger@gmail.com');
INSERT INTO customer (PASSPORT, NAME, SURNAME, PHONE, EMAIL)
VALUES ('passport-05', 'Olga', 'Bogomazova', '89312142478', 'gaffstranger@gmail.com');
INSERT INTO customer (PASSPORT, NAME, SURNAME, PHONE, EMAIL)
VALUES ('passport-06', 'Daria', 'Moskovnaya', '89312142478', 'gaffstranger@gmail.com');
INSERT INTO customer (PASSPORT, NAME, SURNAME, PHONE, EMAIL)
VALUES ('passport-07', 'Lucy', 'Baranova', '89312142478', 'gaffstranger@gmail.com');

INSERT INTO orderr (ORDER_INDEX, OWNER_ID, COMPLETE) VALUES ('ORD-161231225737-9847', 1, 0);
INSERT INTO orderr (ORDER_INDEX, OWNER_ID, COMPLETE) VALUES ('ORD-151126225834-4587', 1, 0);
INSERT INTO orderr (ORDER_INDEX, OWNER_ID, COMPLETE) VALUES ('ORD-170530123456-1577', 1, 0);
INSERT INTO orderr (ORDER_INDEX, OWNER_ID, COMPLETE) VALUES ('ORD-170324054835-1869', 1, 0);
INSERT INTO orderr (ORDER_INDEX, OWNER_ID, COMPLETE) VALUES ('ORD-180121225737-9857', 1, 0);
INSERT INTO orderr (ORDER_INDEX, OWNER_ID, COMPLETE) VALUES ('ORD-180245892454-8516', 2, 0);
INSERT INTO orderr (ORDER_INDEX, OWNER_ID, COMPLETE) VALUES ('ORD-164545989555-4527', 2, 0);
INSERT INTO orderr (ORDER_INDEX, OWNER_ID, COMPLETE) VALUES ('ORD-175645915686-1697', 2, 0);
INSERT INTO orderr (ORDER_INDEX, OWNER_ID, COMPLETE) VALUES ('ORD-182654952566-4664', 2, 0);
INSERT INTO orderr (ORDER_INDEX, OWNER_ID, COMPLETE) VALUES ('ORD-145696596864-6547', 2, 0);
INSERT INTO orderr (ORDER_INDEX, OWNER_ID, COMPLETE) VALUES ('ORD-189541656416-6597', 3, 0);
INSERT INTO orderr (ORDER_INDEX, OWNER_ID, COMPLETE) VALUES ('ORD-164945689623-3049', 3, 0);
INSERT INTO orderr (ORDER_INDEX, OWNER_ID, COMPLETE) VALUES ('ORD-160490668846-0897', 3, 0);
INSERT INTO orderr (ORDER_INDEX, OWNER_ID, COMPLETE) VALUES ('ORD-172568920490-0957', 3, 0);
INSERT INTO orderr (ORDER_INDEX, OWNER_ID, COMPLETE) VALUES ('ORD-148941659623-4897', 3, 0);

INSERT INTO cargo (CARGO_INDEX, NAME, WEIGHT, STATE, OWNER_ID, ORDER_ID, DEPARTURE_ID, DESTINATION_ID, CURRENT_CITY_ID)
VALUES ('CGO-177520785256-VLK-MSK-4593', 'guns', 352, 'TRANSIENT', 1, 1, 2, 5, 2);
INSERT INTO cargo (CARGO_INDEX, NAME, WEIGHT, STATE, OWNER_ID, ORDER_ID, DEPARTURE_ID, DESTINATION_ID, CURRENT_CITY_ID)
VALUES ('CGO-145675025704-VLK-MSK-4583', 'toys', 486, 'TRANSIENT', 1, 2, 2, 6, 2);
INSERT INTO cargo (CARGO_INDEX, NAME, WEIGHT, STATE, OWNER_ID, ORDER_ID, DEPARTURE_ID, DESTINATION_ID, CURRENT_CITY_ID)
VALUES ('CGO-187807506416-VLK-MSK-5893', 'disks', 795, 'TRANSIENT', 1, 3, 2, 9, 2);
INSERT INTO cargo (CARGO_INDEX, NAME, WEIGHT, STATE, OWNER_ID, ORDER_ID, DEPARTURE_ID, DESTINATION_ID, CURRENT_CITY_ID)
VALUES ('CGO-167502572572-VLK-MSK-4593', 'paper', 1056, 'TRANSIENT', 1, 4, 3, 5, 3);
INSERT INTO cargo (CARGO_INDEX, NAME, WEIGHT, STATE, OWNER_ID, ORDER_ID, DEPARTURE_ID, DESTINATION_ID, CURRENT_CITY_ID)
VALUES ('CGO-160963205735-VLK-MSK-4589', 'tools', 1786, 'TRANSIENT', 1, 5, 3, 7, 3);
INSERT INTO cargo (CARGO_INDEX, NAME, WEIGHT, STATE, OWNER_ID, ORDER_ID, DEPARTURE_ID, DESTINATION_ID, CURRENT_CITY_ID)
VALUES ('CGO-147520785864-VLK-MSK-4583', 'cups', 59, 'TRANSIENT', 1, 1, 3, 8, 3);
INSERT INTO cargo (CARGO_INDEX, NAME, WEIGHT, STATE, OWNER_ID, ORDER_ID, DEPARTURE_ID, DESTINATION_ID, CURRENT_CITY_ID)
VALUES ('CGO-160278507035-VLK-MSK-4593', 'pots', 259, 'TRANSIENT', 2, 6, 3, 8, 3);
INSERT INTO cargo (CARGO_INDEX, NAME, WEIGHT, STATE, OWNER_ID, ORDER_ID, DEPARTURE_ID, DESTINATION_ID, CURRENT_CITY_ID)
VALUES ('CGO-178507856886-VLK-MSK-4893', 'razors', 986, 'TRANSIENT', 2, 7, 3, 9, 3);
INSERT INTO cargo (CARGO_INDEX, NAME, WEIGHT, STATE, OWNER_ID, ORDER_ID, DEPARTURE_ID, DESTINATION_ID, CURRENT_CITY_ID)
VALUES ('CGO-170554282456-VLK-MSK-4593', 'bikes', 1865, 'TRANSIENT', 2, 8, 3, 6, 3);
INSERT INTO cargo (CARGO_INDEX, NAME, WEIGHT, STATE, OWNER_ID, ORDER_ID, DEPARTURE_ID, DESTINATION_ID, CURRENT_CITY_ID)
VALUES ('CGO-167857809875-VLK-MSK-4593', 'crates', 1436, 'TRANSIENT', 2, 9, 2, 6, 2);
INSERT INTO cargo (CARGO_INDEX, NAME, WEIGHT, STATE, OWNER_ID, ORDER_ID, DEPARTURE_ID, DESTINATION_ID, CURRENT_CITY_ID)
VALUES ('CGO-189785708716-VLK-MSK-4583', 'robots', 1567, 'TRANSIENT', 2, 10, 2, 7, 2);
INSERT INTO cargo (CARGO_INDEX, NAME, WEIGHT, STATE, OWNER_ID, ORDER_ID, DEPARTURE_ID, DESTINATION_ID, CURRENT_CITY_ID)
VALUES ('CGO-160780587835-VLK-MSK-4589', 'knives', 35, 'TRANSIENT', 2, 10, 2, 7, 2);
INSERT INTO cargo (CARGO_INDEX, NAME, WEIGHT, STATE, OWNER_ID, ORDER_ID, DEPARTURE_ID, DESTINATION_ID, CURRENT_CITY_ID)
VALUES ('CGO-177807853456-VLK-MSK-4583', 'oil', 1700, 'TRANSIENT', 3, 11, 4, 9, 4);
INSERT INTO cargo (CARGO_INDEX, NAME, WEIGHT, STATE, OWNER_ID, ORDER_ID, DEPARTURE_ID, DESTINATION_ID, CURRENT_CITY_ID)
VALUES ('CGO-160245245835-VLK-MSK-5893', 'diamonds', 359, 'TRANSIENT', 3, 12, 4, 8, 4);
INSERT INTO cargo (CARGO_INDEX, NAME, WEIGHT, STATE, OWNER_ID, ORDER_ID, DEPARTURE_ID, DESTINATION_ID, CURRENT_CITY_ID)
VALUES ('CGO-147425721864-VLK-MSK-4593', 'boat', 795, 'TRANSIENT', 3, 13, 4, 7, 4);
INSERT INTO cargo (CARGO_INDEX, NAME, WEIGHT, STATE, OWNER_ID, ORDER_ID, DEPARTURE_ID, DESTINATION_ID, CURRENT_CITY_ID)
VALUES ('CGO-184502056416-VLK-MSK-4893', 'doors', 896, 'TRANSIENT', 3, 14, 4, 8, 4);
INSERT INTO cargo (CARGO_INDEX, NAME, WEIGHT, STATE, OWNER_ID, ORDER_ID, DEPARTURE_ID, DESTINATION_ID, CURRENT_CITY_ID)
VALUES ('CGO-175642807527-VLK-MSK-4583', 'phones', 1965, 'TRANSIENT', 3, 15, 4, 6, 4);
INSERT INTO cargo (CARGO_INDEX, NAME, WEIGHT, STATE, OWNER_ID, ORDER_ID, DEPARTURE_ID, DESTINATION_ID, CURRENT_CITY_ID)
VALUES ('CGO-160785045735-VLK-MSK-4583', 'clothes', 1856, 'TRANSIENT', 3, 13, 4, 6, 4);
INSERT INTO cargo (CARGO_INDEX, NAME, WEIGHT, STATE, OWNER_ID, ORDER_ID, DEPARTURE_ID, DESTINATION_ID, CURRENT_CITY_ID)
VALUES ('CGO-180870428776-VLK-MSK-4589', 'soap', 1563, 'TRANSIENT', 3, 13, 4, 5, 4);

INSERT INTO truck (REG_NUMBER, BRIGADE_STR, CAPACITY, STATUS, CURRENT_CITY_ID)
VALUES ('GT12345', 2, 2000, 'STAY_IDLE', 2);
INSERT INTO truck (REG_NUMBER, BRIGADE_STR, CAPACITY, STATUS, CURRENT_CITY_ID)
VALUES ('AS56987', 3, 2000, 'STAY_IDLE', 3);
INSERT INTO truck (REG_NUMBER, BRIGADE_STR, CAPACITY, STATUS, CURRENT_CITY_ID)
VALUES ('UK78546', 1, 500, 'STAY_IDLE', 2);
INSERT INTO truck (REG_NUMBER, BRIGADE_STR, CAPACITY, STATUS, CURRENT_CITY_ID)
VALUES ('US78452', 1, 700, 'STAY_IDLE', 3);
INSERT INTO truck (REG_NUMBER, BRIGADE_STR, CAPACITY, STATUS, CURRENT_CITY_ID)
VALUES ('RG45896', 1, 1000, 'STAY_IDLE', 2);
INSERT INTO truck (REG_NUMBER, BRIGADE_STR, CAPACITY, STATUS, CURRENT_CITY_ID)
VALUES ('XY78541', 2, 2500, 'STAY_IDLE', 5);
INSERT INTO truck (REG_NUMBER, BRIGADE_STR, CAPACITY, STATUS, CURRENT_CITY_ID)
VALUES ('QS78965', 2, 2900, 'STAY_IDLE', 4);
INSERT INTO truck (REG_NUMBER, BRIGADE_STR, CAPACITY, STATUS, CURRENT_CITY_ID)
VALUES ('WW45969', 2, 2600, 'STAY_IDLE', 2);
INSERT INTO truck (REG_NUMBER, BRIGADE_STR, CAPACITY, STATUS, CURRENT_CITY_ID)
VALUES ('KO45896', 3, 3500, 'STAY_IDLE', 4);
INSERT INTO truck (REG_NUMBER, BRIGADE_STR, CAPACITY, STATUS, CURRENT_CITY_ID)
VALUES ('RT78546', 3, 3000, 'STAY_IDLE', 2);
INSERT INTO truck (REG_NUMBER, BRIGADE_STR, CAPACITY, STATUS, CURRENT_CITY_ID)
VALUES ('UI78788', 4, 4500, 'STAY_IDLE', 5);
INSERT INTO truck (REG_NUMBER, BRIGADE_STR, CAPACITY, STATUS, CURRENT_CITY_ID)
VALUES ('IO78965', 4, 5000, 'STAY_IDLE', 5);
INSERT INTO truck (REG_NUMBER, BRIGADE_STR, CAPACITY, STATUS, CURRENT_CITY_ID)
VALUES ('AG45126', 3, 2900, 'STAY_IDLE', 3);
INSERT INTO truck (REG_NUMBER, BRIGADE_STR, CAPACITY, STATUS, CURRENT_CITY_ID)
VALUES ('YS78596', 1, 400, 'STAY_IDLE', 2);
INSERT INTO truck (REG_NUMBER, BRIGADE_STR, CAPACITY, STATUS, CURRENT_CITY_ID)
VALUES ('JT23231', 2, 2750, 'STAY_IDLE', 4);
INSERT INTO truck (REG_NUMBER, BRIGADE_STR, CAPACITY, STATUS, CURRENT_CITY_ID)
VALUES ('OP45892', 2, 2400, 'STAY_IDLE', 3);
INSERT INTO truck (REG_NUMBER, BRIGADE_STR, CAPACITY, STATUS, CURRENT_CITY_ID)
VALUES ('ES45789', 2, 2300, 'STAY_IDLE', 4);

INSERT INTO driver (PERSONAL_NUMBER, NAME, SURNAME, EMAIL, WORKED_TIME, PAID_TIME, LAST_STATUS_CHANGE, STATE, PREVIOUS_STATE, CURRENT_CITY_ID)
VALUES('DRV-12345', 'Victor', 'Bushuev', 'gaffstranger@gmail.com', 0, 0, 1531779694, 'READY_TO_ROUTE', 'READY_TO_ROUTE', 2);
INSERT INTO driver (PERSONAL_NUMBER, NAME, SURNAME, EMAIL, WORKED_TIME, PAID_TIME, LAST_STATUS_CHANGE, STATE, PREVIOUS_STATE, CURRENT_CITY_ID)
VALUES('DRV-54321', 'Alexey', 'Borschev', 'gaffstranger@gmail.com', 0, 0, 1531779694, 'READY_TO_ROUTE', 'READY_TO_ROUTE',3);
INSERT INTO driver (PERSONAL_NUMBER, NAME, SURNAME, EMAIL, WORKED_TIME, PAID_TIME, LAST_STATUS_CHANGE, STATE, PREVIOUS_STATE, CURRENT_CITY_ID)
VALUES('DRV-75869', 'Alexandr', 'Mishin', 'gaffstranger@gmail.com', 0, 0, 1531779694, 'READY_TO_ROUTE', 'READY_TO_ROUTE',3);
INSERT INTO driver (PERSONAL_NUMBER, NAME, SURNAME, EMAIL, WORKED_TIME, PAID_TIME, LAST_STATUS_CHANGE, STATE, PREVIOUS_STATE, CURRENT_CITY_ID)
VALUES('DRV-14258', 'Michelle', 'Makushev', 'gaffstranger@gmail.com', 0, 0, 1531779694, 'READY_TO_ROUTE', 'READY_TO_ROUTE',2);
INSERT INTO driver (PERSONAL_NUMBER, NAME, SURNAME, EMAIL, WORKED_TIME, PAID_TIME, LAST_STATUS_CHANGE, STATE, PREVIOUS_STATE, CURRENT_CITY_ID)
VALUES('DRV-78965', 'Dmitriy', 'Gromov', 'gaffstranger@gmail.com', 0, 0, 1531779694, 'READY_TO_ROUTE', 'READY_TO_ROUTE', 2);
INSERT INTO driver (PERSONAL_NUMBER, NAME, SURNAME, EMAIL, WORKED_TIME, PAID_TIME, LAST_STATUS_CHANGE, STATE, PREVIOUS_STATE, CURRENT_CITY_ID)
VALUES('DRV-35789', 'Boris', 'Lebedev', 'gaffstranger@gmail.com', 0, 0, 1531779694, 'READY_TO_ROUTE', 'READY_TO_ROUTE', 4);
INSERT INTO driver (PERSONAL_NUMBER, NAME, SURNAME, EMAIL, WORKED_TIME, PAID_TIME, LAST_STATUS_CHANGE, STATE, PREVIOUS_STATE, CURRENT_CITY_ID)
VALUES('DRV-35689', 'Tom', 'Galkin', 'gaffstranger@gmail.com', 0, 0, 1531779694, 'READY_TO_ROUTE', 'READY_TO_ROUTE', 4);
INSERT INTO driver (PERSONAL_NUMBER, NAME, SURNAME, EMAIL, WORKED_TIME, PAID_TIME, LAST_STATUS_CHANGE, STATE, PREVIOUS_STATE, CURRENT_CITY_ID)
VALUES ('DRV-10457', 'Constantine', 'Pugachev', 'gaffstranger@gmail.com', 0, 0, 1531779694, 'READY_TO_ROUTE','READY_TO_ROUTE', 5);
INSERT INTO driver (PERSONAL_NUMBER, NAME, SURNAME, EMAIL, WORKED_TIME, PAID_TIME, LAST_STATUS_CHANGE, STATE, PREVIOUS_STATE, CURRENT_CITY_ID)
VALUES('DRV-78507', 'Emelyan', 'Kirkorov', 'gaffstranger@gmail.com', 0, 0, 1531779694, 'READY_TO_ROUTE', 'READY_TO_ROUTE',5);
INSERT INTO driver (PERSONAL_NUMBER, NAME, SURNAME, EMAIL, WORKED_TIME, PAID_TIME, LAST_STATUS_CHANGE, STATE, PREVIOUS_STATE, CURRENT_CITY_ID)
VALUES('DRV-78508', 'Prohor', 'Baskov', 'gaffstranger@gmail.com', 0, 0, 1531779694, 'READY_TO_ROUTE', 'READY_TO_ROUTE', 4);
INSERT INTO driver (PERSONAL_NUMBER, NAME, SURNAME, EMAIL, WORKED_TIME, PAID_TIME, LAST_STATUS_CHANGE, STATE, PREVIOUS_STATE, CURRENT_CITY_ID)
VALUES('DRV-12057', 'Arseniy', 'Sonarov', 'gaffstranger@gmail.com', 0, 0, 1531779694, 'READY_TO_ROUTE', 'READY_TO_ROUTE',4);
INSERT INTO driver (PERSONAL_NUMBER, NAME, SURNAME, EMAIL, WORKED_TIME, PAID_TIME, LAST_STATUS_CHANGE, STATE, PREVIOUS_STATE, CURRENT_CITY_ID)
VALUES ('DRV-95780', 'Arkadiy', 'Javascriptov', 'gaffstranger@gmail.com', 0, 0, 1531779694, 'READY_TO_ROUTE','READY_TO_ROUTE', 3);
INSERT INTO driver (PERSONAL_NUMBER, NAME, SURNAME, EMAIL, WORKED_TIME, PAID_TIME, LAST_STATUS_CHANGE, STATE, PREVIOUS_STATE, CURRENT_CITY_ID)
VALUES('DRV-57806', 'Nikolay', 'Pascal', 'gaffstranger@gmail.com', 0, 0, 1531779694, 'READY_TO_ROUTE', 'READY_TO_ROUTE', 3);
INSERT INTO driver (PERSONAL_NUMBER, NAME, SURNAME, EMAIL, WORKED_TIME, PAID_TIME, LAST_STATUS_CHANGE, STATE, PREVIOUS_STATE, CURRENT_CITY_ID)
VALUES('DRV-35068', 'Stanislav', 'Jackson', 'gaffstranger@gmail.com', 0, 0, 1531779694, 'READY_TO_ROUTE', 'READY_TO_ROUTE',2);
INSERT INTO driver (PERSONAL_NUMBER, NAME, SURNAME, EMAIL, WORKED_TIME, PAID_TIME, LAST_STATUS_CHANGE, STATE, PREVIOUS_STATE, CURRENT_CITY_ID)
VALUES('DRV-78051', 'Fedor', 'Vesenniy', 'gaffstranger@gmail.com', 0, 0, 1531779694, 'READY_TO_ROUTE', 'READY_TO_ROUTE', 4);